,Age,Study_Hours_per_Day,Sleep_Hours,Screen_Time_Hours,Gym_Hours_per_Week,Attendance_Percentage,Stress_Level_1_to_10,CGPA
count,1000.0,1000.0,1000.0,1000.0,1000.0,1000.0,1000.0,1000.0
mean,20.898,4.03797,6.525030000000001,4.95191,7.31191,80.08434,4.5828500000000005,7.319299999999999
std,2.603915585493578,1.4346910181002102,1.205664391829554,1.9729398225600916,4.949332515021013,8.578241812690814,2.0245949625202226,0.9538118614627665
min,17.0,0.5,3.0,1.0,0.0,54.66,1.0,4.0
25%,19.0,3.02,5.71,3.49,3.4450000000000003,74.30749999999999,3.095,6.69
50%,21.0,4.09,6.515,4.955,6.975,80.21,4.54,7.3
75%,23.0,5.03,7.38,6.3725000000000005,10.78,86.16499999999999,5.9625,7.99
max,25.0,8.05,10.0,10.84,21.0,100.0,10.0,10.0
