Model,MAE,MSE,R2
Linear Regression,0.3736652646970785,0.22472787228909702,0.7779565086221967
Random Forest,0.4025865000000004,0.2586664101500002,0.7444233675741723
